Id,Prediction
1,0.00138888888889
2,0.0028129395218
3,0.0
4,0.004329004329
5,0.0
6,0.0
7,0.0
8,0.0
9,0.0164060497308
10,0.0
11,0.00993377483444
12,0.00330943188086
13,0.00996677740864
14,0.00492610837438
15,0.00754716981132
16,0.00278164116829
17,0.103448275862
18,0.0
19,0.0
20,0.00404653515427
21,0.0
22,0.0
23,0.00136425648022
24,0.00632911392405
25,0.0
26,0.0
27,0.0438104941416
28,0.00193610842207
29,0.0446590223295
30,0.0
31,0.0
32,0.0103092783505
33,0.00406504065041
34,0.01248049922
35,0.00773195876289
36,0.1
37,0.00208333333333
38,0.0
39,0.0
40,0.0
41,0.0
42,0.00254129606099
43,0.0
44,0.00159744408946
45,0.0
46,0.0521739130435
47,0.00473933649289
48,0.003808073115
49,0.00632911392405
50,0.00529100529101
51,0.00652173913043
52,0.0
53,0.0119047619048
54,0.00936037441498
55,0.0135135135135
56,0.0
57,0.00242718446602
58,0.00391074304118
59,0.147058823529
60,0.0
61,0.000938526513374
62,0.184615384615
63,0.0103806228374
64,0.0
65,0.0666666666667
66,0.0237478411054
67,0.0048828125
68,0.00666666666667
69,0.0
70,0.000108802089
71,0.0207100591716
72,0.0079275198188
73,0.0
74,0.0
75,0.0
76,0.10303030303
77,0.00310559006211
78,0.0
79,0.0
80,7.69556350764e-05
81,0.0
82,0.0
83,0.0
84,0.0
85,0.0
86,0.0
87,0.00832072617247
88,0.00181488203267
89,0.0
90,0.0
91,0.0
92,0.00198960981541
93,0.0743801652893
94,0.0223880597015
95,0.0019120458891
96,0.0
97,0.0
98,0.00602409638554
99,0.00189753320683
100,0.146788990826
101,0.0
102,0.00780454699695
103,0.0135746606335
104,0.0
105,0.0
106,0.0
107,0.0227272727273
108,0.0
109,0.0459770114943
110,0.0
111,0.0156402737048
112,0.0256222547584
113,0.0
114,0.0
115,0.0200668896321
116,0.0
117,0.0
118,0.0106666666667
119,0.0
120,0.0108695652174
121,0.0
122,0.0
123,0.0010764262648
124,0.0356234096692
125,0.00172562553926
126,0.0321100917431
127,0.00102092904543
128,0.0
129,0.0419847328244
130,0.0
131,0.0
132,0.0
133,0.0
134,0.00387168141593
135,0.0181311018131
136,0.0283018867925
137,0.0
138,0.0
139,0.0160550458716
140,0.0185185185185
141,0.000903648480741
142,0.0
143,0.0042194092827
144,0.0
145,0.0
146,0.0
147,0.00904977375566
148,0.0
149,0.000867678958785
150,0.0
151,0.0
152,0.0
153,0.00623052959502
154,0.0109289617486
155,0.0
156,0.0
157,0.00568181818182
158,0.013986013986
159,0.0189701897019
160,0.0
161,0.00916030534351
162,0.0215909090909
163,0.342857142857
164,0.063670411985
165,0.00342465753425
166,0.0
167,0.0909090909091
168,0.0115606936416
169,0.0
170,0.0
171,0.00156739811912
172,0.0
173,0.00145878920496
174,0.00108666123336
175,0.0
176,0.00492610837438
177,0.03125
178,0.00609756097561
179,0.00341296928328
180,0.00117550252733
181,0.0130678282514
182,0.00298062593145
183,0.00877192982456
184,0.0
185,0.0
186,0.0227272727273
187,0.0
188,0.0
189,0.0
190,0.0
191,0.0
192,0.00345622119816
193,0.0
194,0.00614250614251
195,0.000782064650678
196,0.0
197,0.0
198,0.117647058824
199,0.0
200,0.0
201,0.0
202,0.0
203,0.00246305418719
204,0.0344827586207
205,0.0
206,0.0
207,0.0
208,0.0479452054795
209,0.0
210,0.0
211,0.0
212,0.0
213,0.0
214,0.0
215,0.0
216,0.0
217,0.0
218,0.0027972027972
219,0.00892857142857
220,0.00404312668464
221,0.00353982300885
222,0.00452488687783
223,0.0
224,0.0
225,0.0274509803922
226,0.174193548387
227,0.0
228,0.0501319261214
229,0.0606060606061
230,0.0
231,0.1625
232,0.046511627907
233,0.00088809946714
234,0.0047619047619
235,0.00357142857143
236,0.0
237,0.0671641791045
238,0.00106382978723
239,0.000823723228995
240,0.0
241,0.0
242,0.0
243,0.0354609929078
244,0.0
245,0.00403768506057
246,0.0
247,0.0
248,0.169696969697
249,0.0
250,0.00389711613406
251,0.0034965034965
252,0.0
253,0.0971428571429
254,0.00666666666667
255,0.0454545454545
256,0.0338983050847
257,0.0
258,0.0182072829132
259,0.0
260,0.0166787527194
261,0.0
262,0.00674915635546
263,0.00389105058366
264,0.000425713069391
265,0.0
266,0.0
267,0.00663349917081
268,0.00172117039587
269,0.0119904076739
270,0.0
271,0.00584795321637
272,0.0
273,0.015037593985
274,0.000183688464364
275,0.0183741648107
276,0.00102354145343
277,0.00811359026369
278,0.0
279,0.00594000594001
280,0.0124590163934
281,0.00492610837438
282,0.00144717800289
283,0.0
284,0.0
285,0.00168067226891
286,8.83470271225e-05
287,0.00859598853868
288,0.0666666666667
289,0.0292397660819
290,0.0
291,0.0
292,0.0237388724036
293,0.0
294,0.0
295,0.000100440823615
296,0.0265553869499
297,0.00143747005271
298,0.0879120879121
299,0.0218068535826
300,0.0102040816327
301,0.00602150537634
302,0.0
303,0.00458978772232
304,0.0146963824289
305,0.0
306,0.0
307,0.0
308,0.0
309,0.00176159718144
310,0.0
311,0.0
312,0.0
313,0.285714285714
314,0.0
315,0.00238257317903
316,0.0031847133758
317,0.0
318,0.00390625
319,0.0
320,0.034198860038
321,0.0
322,0.00748502994012
323,0.00476947535771
324,0.00113250283126
325,0.0018018018018
326,0.0461538461538
327,0.0
328,0.0
329,0.0048309178744
330,0.013024602026
331,0.00195694716243
332,0.0
333,0.0
334,0.0
335,0.0
336,0.0119047619048
337,0.0
338,0.0
339,0.00834724540902
340,0.0
341,0.0285714285714
342,0.00505050505051
343,0.0
344,0.0104166666667
345,0.0
346,0.0326797385621
347,0.0049504950495
348,0.0632911392405
349,0.0
350,5.80610511953e-05
351,0.0
352,0.00413793103448
353,0.0289855072464
354,0.0386904761905
355,0.0
356,0.000555864369094
357,0.00651890482399
358,0.0245901639344
359,0.0053050397878
360,0.0
361,0.0
362,0.0
363,0.0152905198777
364,0.000120860526952
365,0.0
366,0.0
367,0.0
368,0.0
369,0.0
370,0.0
371,0.0
372,0.0
373,0.0
374,0.00215620507906
375,0.0276679841897
376,0.0
377,0.0
378,0.0
379,0.0
380,0.0
381,0.001100110011
382,0.0111111111111
383,0.00199203187251
384,0.0222457627119
385,0.00242130750605
386,0.000512032770097
387,0.0
388,0.0
389,0.030303030303
390,0.0
391,0.0
392,0.00344827586207
393,0.0
394,0.0
395,0.0072202166065
396,0.0
397,0.0
398,0.0
399,0.02375
400,0.0
401,0.0
402,0.04
403,0.0
404,0.0188305252725
405,0.0597014925373
406,0.0
407,0.0198675496689
408,0.0198198198198
409,0.0376344086022
410,0.00402684563758
411,0.0
412,0.424242424242
413,0.0
414,0.0
415,0.00865051903114
416,0.0
417,0.0141843971631
418,0.0
419,0.0150812064965
420,0.01
421,0.0104166666667
422,0.0
423,0.0110294117647
424,0.00789473684211
425,0.0
426,0.0
427,0.00821596244131
428,0.0
429,0.00761904761905
430,0.0
431,0.0322580645161
432,0.0
433,0.0
434,0.0
435,0.0
436,0.0228260869565
437,0.00124069478908
438,0.0
439,0.0
440,0.0220588235294
441,0.0
442,0.0
443,0.0
444,0.0
445,0.0
446,0.100418410042
447,0.0191082802548
448,0.0
449,0.00756253635835
450,0.0632530120482
451,0.0025823111685
452,0.0
453,0.0
454,0.0
455,0.0108108108108
456,0.0
457,0.00469483568075
458,0.0
459,0.0
460,0.0
461,0.0
462,0.00662251655629
463,0.00333333333333
464,0.0
465,0.000794281175536
466,0.0157583716349
467,0.0
468,0.0
469,0.0
470,0.0161290322581
471,0.0824742268041
472,0.0171673819742
473,0.0144329896907
474,0.0
475,0.0
476,0.0
477,0.0
478,0.0
479,0.003663003663
480,0.0106761565836
481,0.129496402878
482,0.0
483,0.0
484,0.0
485,0.0955056179775
486,0.0296610169492
487,0.0192307692308
488,0.0
489,0.0
490,0.0
491,0.0020202020202
492,0.000520562207184
493,0.025641025641
494,0.00207468879668
495,0.00724637681159
496,0.0162162162162
497,0.00381679389313
498,0.0
499,0.0170316301703
500,0.00344234079174
501,0.00627082108564
502,0.019267822736
503,0.0324554402767
504,0.004
505,0.00295857988166
506,0.010989010989
507,0.00909090909091
508,0.0
509,0.0
510,0.0
511,0.0
512,0.0181818181818
513,0.0
514,0.00332088003321
515,0.0093023255814
516,0.0171539961014
517,0.048275862069
518,0.000975831158516
519,0.00199004975124
520,0.00298507462687
521,0.00271739130435
522,0.00879765395894
523,0.0
524,0.0
525,0.0149700598802
526,0.0
527,0.0238095238095
528,0.0
529,0.00554016620499
530,0.015037593985
531,0.0
532,0.0158227848101
533,0.00900900900901
534,0.0
535,0.0
536,0.00941422594142
537,0.0323691460055
538,0.0
539,0.0
540,0.00848176420696
541,0.0
542,0.0015625
543,0.0
544,0.0808080808081
545,0.00292997363024
546,0.00739827373613
547,0.0
548,0.0260869565217
549,0.0106382978723
550,0.0100463678516
551,0.0
552,0.0
553,0.0352941176471
554,0.00540540540541
555,0.0
556,0.0
557,0.0
558,0.0
559,0.00338409475465
560,0.0
561,0.00361010830325
562,0.0
563,0.0
564,0.0181818181818
565,0.0351966873706
566,0.0
567,0.00830564784053
568,0.0818181818182
569,0.0
570,0.0125628140704
571,0.0282685512367
572,0.0
573,0.00206327372765
574,0.0
575,0.0365853658537
576,0.0
577,0.00481927710843
578,0.00361445783133
579,0.0108864696734
580,0.0
581,0.0
582,0.0167785234899
583,0.0
584,0.04
585,0.0
586,0.00847457627119
587,0.013698630137
588,0.0
589,0.0324675324675
590,0.00401002506266
591,0.0
592,0.00900900900901
593,0.00343053173242
594,0.00150526843954
595,0.0191082802548
596,0.0
597,0.0
598,0.0216802168022
599,0.182795698925
600,0.0264705882353
601,0.0
602,0.0
603,0.0
604,0.0
605,0.00840336134454
606,0.0
607,0.0
608,0.0
609,0.0
610,0.00660066006601
611,0.00817438692098
612,0.000258425250496
613,0.0
614,0.010752688172
615,0.260416666667
616,0.0
617,0.00530035335689
618,0.0
619,0.00269905533063
620,0.0054347826087
621,0.0039197054282
622,0.00558659217877
623,0.0
624,0.00854700854701
625,0.0
626,0.0
627,0.0
628,0.00305810397554
629,0.0089485458613
630,0.0
631,0.020979020979
632,0.00956090651558
633,0.00380952380952
634,0.000723589001447
635,0.0
636,0.0
637,0.0135135135135
638,0.0
639,0.0186125211506
640,0.0
641,0.0
642,0.00735294117647
643,0.0
644,0.0
645,0.0
646,0.0128205128205
647,0.0
648,0.11320754717
649,0.000992485467177
650,0.0
651,0.0
652,0.037037037037
653,0.0121703853955
654,0.0304182509506
655,0.00200803212851
656,0.00456621004566
657,0.00431034482759
658,0.0
659,0.00106194690265
660,0.00201207243461
661,0.0128205128205
662,0.000182165953183
663,0.0123456790123
664,0.0133333333333
665,0.0
666,0.0
667,0.0
668,0.00369003690037
669,0.0
670,0.0
671,0.00980392156863
672,0.0
673,0.0
674,0.0
675,0.0175159235669
676,0.00847457627119
677,0.00328947368421
678,0.0
679,7.7429345722e-05
680,0.0
681,0.0
682,0.0166040100251
683,0.00170648464164
684,0.0
685,0.0317848410758
686,0.00878477306003
687,0.0
688,0.028818443804
689,0.0325342465753
690,0.00380952380952
691,0.0
692,0.00728508984944
693,0.0331125827815
694,0.00221327967807
695,0.0
696,0.0
697,0.0140845070423
698,0.00207468879668
699,0.0
700,0.00903614457831
701,0.0
702,0.0
703,0.0
704,0.0
705,0.0
706,0.00486223662885
707,0.00175746924429
708,0.0111420612813
709,0.0
710,0.0
711,0.00295457343346
712,0.0357142857143
713,0.00685192234488
714,0.0
715,0.0
716,0.00273224043716
717,0.0278551532033
718,0.0168067226891
719,0.00703844071467
720,0.00324324324324
721,0.00360721442886
722,0.0
723,0.0
724,0.0028129395218
725,0.0
726,0.0
727,0.00671140939597
728,0.0196078431373
729,0.00244470649141
730,0.0
731,0.0313043478261
732,0.0134715025907
733,0.00862068965517
734,0.0192307692308
735,0.0
736,0.0888888888889
737,0.0
738,0.00508259212198
739,0.0
740,0.00754716981132
741,0.0
742,0.0
743,0.00700934579439
744,0.0
745,0.00567721005677
746,0.00396712949844
747,0.0012285012285
748,0.000993612491128
749,0.0
750,0.005382131324
751,0.0
752,0.0177514792899
753,0.0
754,0.0138976626658
755,0.0042194092827
756,0.00716845878136
757,0.0
758,0.000255525744219
759,0.0
760,0.00041271806594
761,0.0
762,0.0
763,0.0
764,0.0
765,0.00151515151515
766,0.00877192982456
767,0.0053050397878
768,0.0
769,0.0
770,0.0333333333333
771,0.0
772,0.0
773,0.00334728033473
774,0.000848896434635
775,0.0
776,0.0
777,0.0
778,0.00395256916996
779,0.0331325301205
780,0.0243902439024
781,0.00862068965517
782,0.05
783,0.00534759358289
784,0.0
785,0.0
786,0.0169491525424
787,0.00145772594752
788,0.0147601476015
789,0.0
790,0.000680272108844
791,0.0104166666667
792,0.0
793,0.0
794,0.0
795,5.48546352167e-05
796,0.0
797,0.0
798,0.0
799,0.0446927374302
800,0.0
801,0.0
802,0.00865800865801
803,0.0
804,0.0
805,0.0
806,0.00510204081633
807,0.0
808,0.0
809,0.0
810,0.00227100681302
811,0.0
812,0.0
813,0.0
814,0.0
815,0.0
816,0.0
817,0.0
818,0.0
819,0.0
820,0.1
821,0.0294117647059
822,0.0
823,0.0121681415929
824,0.0133333333333
825,0.0
826,0.0
827,0.0
828,0.00473933649289
829,0.00554715078164
830,0.0
831,0.0169683257919
832,0.0
833,0.00840336134454
834,0.004662004662
835,0.00201207243461
836,0.0120481927711
837,0.0014684287812
838,0.0
839,0.0125866214114
840,0.0
841,0.0
842,0.0
843,0.0207468879668
844,0.00903342366757
845,0.024154589372
846,0.0
847,0.0026455026455
848,0.00301386377336
849,0.0
850,0.0
851,0.0
852,0.0
853,0.0
854,0.0
855,0.142857142857
856,0.00597609561753
857,0.01953125
858,0.0
859,0.00387596899225
860,0.0
861,0.0110344827586
862,0.0
863,0.272727272727
864,0.247524752475
865,0.0391061452514
866,0.0
867,0.00149925037481
868,0.0205331412104
869,0.010989010989
870,0.030612244898
871,0.0
872,0.00135163743547
873,0.0
874,0.0
875,0.0036496350365
876,0.0
877,0.0227272727273
878,0.0
879,0.00326797385621
880,0.0
881,0.00778546712803
882,0.0
883,0.0434782608696
884,0.0612244897959
885,0.0108695652174
886,0.00677506775068
887,0.015873015873
888,0.0
889,0.0
890,0.0
891,0.0585034013605
892,0.0369967355822
893,0.00250626566416
894,0.0273279352227
895,0.00575539568345
896,0.0
897,0.0
898,0.0
899,0.00265957446809
900,0.0794871794872
901,0.0
902,0.0
903,0.00900900900901
904,0.00396301188904
905,0.0
906,0.0
907,0.0
908,0.0076103500761
909,0.00050994390617
910,0.0
911,0.00463678516229
912,0.0
913,0.00378071833648
914,0.00133333333333
915,0.0
916,0.0
917,0.0047619047619
918,0.0
919,0.00161030595813
920,0.0
921,0.0
922,0.0280373831776
923,0.0
924,0.0
925,0.0
926,0.0201342281879
927,0.0
928,0.00840336134454
929,0.0
930,0.0487804878049
931,0.0229681978799
932,0.0
933,0.000150127608467
934,0.0181818181818
935,0.0
936,0.0
937,0.0
938,0.0434782608696
939,0.0158227848101
940,0.0
941,0.00975081256771
942,0.00119189511323
943,0.0
944,0.0
945,0.0
946,0.027027027027
947,0.00543806646526
948,0.00682128240109
949,0.0
950,0.00289855072464
951,0.00728155339806
952,0.0
953,0.0
954,0.00214132762313
955,0.0
956,0.0
957,0.0
958,0.0166666666667
959,0.0180722891566
960,0.0
961,0.00066889632107
962,0.0
963,0.0
964,0.0
965,0.134615384615
966,0.0
967,0.000299490865529
968,0.0
969,0.034632034632
970,0.0278699402787
971,0.0
972,0.0
973,0.0
974,0.0253411306043
975,0.0
976,0.00220264317181
977,0.0
978,0.0
979,0.0142857142857
980,0.0
981,0.00381533765738
982,0.000254258835495
983,0.00862068965517
984,0.0188925081433
985,0.00406504065041
986,0.0
987,0.0527859237537
988,0.00210084033613
989,0.00294464075383
990,0.0
991,0.0
992,0.0093271152565
993,0.0
994,0.0153846153846
995,0.00161030595813
996,0.0
997,0.0184568835098
998,0.00218340611354
999,0.0
1000,0.0
1001,0.0238095238095
1002,0.00298507462687
1003,0.0
1004,0.0
1005,0.0
1006,0.0
1007,0.0304054054054
1008,0.00490196078431
1009,0.00648607401755
1010,0.0
1011,0.00680272108844
1012,0.00390625
1013,0.0106382978723
1014,0.0
1015,0.0
1016,0.00900900900901
1017,0.0472103004292
1018,0.0
1019,0.0217770034843
1020,0.0
1021,0.00112107623318
1022,0.0
1023,0.00369685767098
1024,0.0
1025,0.0
1026,0.00947867298578
1027,0.000324044069994
1028,0.00611476952023
1029,0.0359612724758
1030,0.0434782608696
1031,0.000715819613457
1032,0.0
1033,0.0062893081761
1034,0.0
1035,0.08
1036,0.0
1037,0.000490918016691
1038,0.0
1039,0.0
1040,0.0030534351145
1041,0.00310559006211
1042,0.0189873417722
1043,0.0
1044,0.0021645021645
1045,0.0
1046,0.0
1047,0.00650935720098
1048,0.00833333333333
1049,0.0
1050,0.0
1051,0.0
1052,0.0
1053,0.0
1054,0.00306748466258
1055,0.0526315789474
1056,0.0
1057,0.00128865979381
1058,0.00979751796212
1059,0.00265957446809
1060,0.00602409638554
1061,0.0
1062,0.00966183574879
1063,0.00310559006211
1064,0.0
1065,0.0
1066,0.00475285171103
1067,0.0
1068,0.00138888888889
1069,0.0
1070,0.00341296928328
1071,0.00371747211896
1072,0.00193948797517
1073,0.0
1074,0.015009380863
1075,0.0617283950617
1076,0.0
1077,0.000657102179389
1078,0.00853694436267
1079,0.005359056806
1080,0.0
1081,0.16
1082,0.0
1083,0.0
1084,0.0
1085,0.043956043956
1086,0.00450225112556
1087,0.0
1088,0.0174804098855
1089,0.0107033639144
1090,0.0
1091,0.0
1092,0.00315457413249
1093,0.0155440414508
1094,0.0
1095,0.0
1096,0.0
1097,0.0
1098,0.00152091254753
1099,0.00285714285714
1100,0.254545454545
1101,0.0
1102,0.00298507462687
1103,0.0107382550336
1104,0.0
1105,0.015037593985
1106,0.00385109114249
1107,0.0
1108,0.00584795321637
1109,0.0
1110,0.00862068965517
1111,0.0740740740741
1112,0.0147058823529
1113,0.0
1114,0.0314465408805
1115,0.0
1116,0.0
1117,0.0
1118,0.0401396160558
1119,0.0
1120,0.0
1121,0.0
1122,0.00377928949358
1123,0.00337372624621
1124,0.0
1125,0.0
1126,0.0
1127,0.0
1128,0.0608108108108
1129,0.0331125827815
1130,0.0210526315789
1131,0.04
1132,0.00947867298578
1133,0.0
1134,0.0
1135,0.0
1136,0.0
1137,0.00910064239829
1138,0.00417536534447
1139,0.0108191653787
1140,0.0130904951622
1141,0.00198265179678
1142,0.0178685386088
1143,0.051724137931
1144,0.0
1145,0.03
1146,0.0103174603175
1147,0.048275862069
1148,0.0089485458613
1149,0.0
1150,0.0833333333333
1151,0.000349772647779
1152,0.01593323217
1153,0.01
1154,0.00486223662885
1155,0.00261780104712
1156,0.0
1157,0.00501672240803
1158,0.0
1159,0.00515463917526
1160,0.0358974358974
1161,0.0
1162,0.003300330033
1163,0.0078125
1164,0.0
1165,0.0
1166,0.0
1167,0.00520833333333
1168,0.0
1169,0.0475
1170,0.00393700787402
1171,0.00137931034483
1172,0.0
1173,0.0
1174,0.0
1175,0.0204081632653
1176,0.0
1177,0.04
1178,0.0714285714286
1179,0.000883782589483
1180,0.0
1181,0.0657894736842
1182,0.0
1183,0.0487804878049
1184,0.0
1185,0.0
1186,0.000975609756098
1187,0.0
1188,0.00149925037481
1189,0.00704225352113
1190,0.0144927536232
1191,0.00445186421814
1192,0.0
1193,0.0619469026549
1194,0.00107991360691
1195,0.0
1196,0.0
1197,0.0
1198,0.002331002331
1199,0.0
1200,0.00398179749716
1201,0.0540540540541
1202,0.00475059382423
1203,0.00404858299595
1204,0.0
1205,0.0
1206,0.000800213390237
1207,0.0
1208,0.0
1209,0.00338409475465
1210,0.00159659393294
1211,0.018691588785
1212,0.0
1213,0.014364640884
1214,0.0734693877551
1215,0.0
1216,0.011320754717
1217,0.0
1218,0.0
1219,0.0
1220,0.0078125
1221,0.00943396226415
1222,0.00583576490204
1223,0.0
1224,0.0106653123413
1225,0.00584795321637
1226,0.0048309178744
1227,0.0
1228,0.0022411474675
1229,0.0
1230,0.0
1231,0.0594594594595
1232,0.00444444444444
1233,0.0
1234,0.0
1235,0.0
1236,0.0164473684211
1237,0.00945067926757
1238,0.0339805825243
1239,0.0
1240,0.0
1241,0.010781671159
1242,0.222222222222
1243,0.00593471810089
1244,0.0182186234818
1245,0.0
1246,0.0
1247,0.00315457413249
1248,0.0
1249,0.0
1250,0.0
1251,0.0
1252,0.00157294534015
1253,0.0
1254,0.018927444795
1255,0.0380952380952
1256,0.0
1257,0.00343642611684
1258,0.0
1259,0.00104712041885
1260,0.0
1261,0.0134786027182
1262,0.000919963201472
1263,0.000173822353555
1264,0.000375467293534
1265,0.0
1266,0.0172166427547
1267,0.0
1268,0.0183654729109
1269,0.0
1270,0.0
1271,0.0
1272,0.0354609929078
1273,0.00729927007299
1274,0.00662983425414
1275,0.00149031296572
1276,0.0121580547112
1277,0.0
1278,0.0
1279,0.0
1280,0.0
1281,0.0
1282,0.0
1283,0.0
1284,0.00671140939597
1285,0.00613496932515
1286,0.00836820083682
1287,0.00311526479751
1288,0.00448430493274
1289,0.0
1290,0.0156862745098
1291,0.025641025641
1292,0.0
1293,0.00724637681159
1294,0.0
1295,0.0
1296,0.0367647058824
1297,0.0
1298,0.0
1299,0.031746031746
1300,0.0
1301,0.0246913580247
1302,0.00308641975309
1303,0.0
1304,0.0
1305,0.0
1306,0.0
1307,0.0
1308,0.0129240710824
1309,0.0
1310,0.00523560209424
1311,0.0
1312,0.0857142857143
1313,0.0
1314,0.000286615075953
1315,0.00642054574639
1316,0.00602409638554
1317,0.0
1318,0.015625
1319,0.0
1320,0.0194174757282
1321,0.0
1322,0.00324675324675
1323,0.00546821599453
1324,0.0
1325,0.0027397260274
1326,0.0
1327,0.00181818181818
1328,0.0
1329,0.00275103163686
1330,0.0
1331,0.0078431372549
1332,0.00455580865604
1333,0.0
1334,0.00661000944287
1335,0.00130548302872
1336,0.00630914826498
1337,0.0
1338,0.0
1339,0.0882352941176
1340,0.0
1341,0.000276931597895
1342,0.0
1343,0.0
1344,0.00134773819099
1345,0.0666666666667
1346,0.0
1347,0.0
1348,0.0
1349,0.00546075085324
1350,0.0138648180243
1351,0.0
1352,0.0
1353,0.0
1354,0.0
1355,0.00946372239748
1356,0.0
1357,0.0
1358,0.00338409475465
1359,0.0036855036855
1360,0.0
1361,0.0
1362,0.0154211150652
1363,0.0526315789474
1364,0.0
1365,0.00518134715026
1366,0.0
1367,0.00220628792057
1368,0.0012
1369,0.0131578947368
1370,0.00892857142857
1371,0.00751879699248
1372,0.0
1373,0.0234899328859
1374,0.00286532951289
1375,0.0
1376,0.00894187779434
1377,0.00325909831613
1378,0.0416666666667
1379,0.0021645021645
1380,0.0421545667447
1381,0.0233393177738
1382,0.0
1383,0.0
1384,0.00506329113924
1385,0.0
1386,0.00778210116732
1387,0.00886699507389
1388,0.0
1389,0.0130830489192
1390,0.0
1391,0.00898587933248
1392,0.0
1393,0.0
1394,0.0
1395,0.0165517241379
1396,0.0246913580247
1397,0.00636435958632
1398,0.0
1399,0.00629590766002
1400,0.00029163021289
1401,0.00367647058824
1402,0.0169491525424
1403,0.153846153846
1404,0.0513833992095
1405,0.0
1406,0.00395256916996
1407,0.132075471698
1408,0.0
1409,0.0
1410,0.0
1411,0.0
1412,0.0
1413,0.0
1414,0.0
1415,0.000750412727
1416,0.00863930885529
1417,0.0
1418,0.0
1419,0.0493150684932
1420,0.00714285714286
1421,0.0
1422,0.0241935483871
1423,0.0
1424,0.0
1425,0.00204498977505
1426,0.0
1427,0.00574712643678
1428,0.0
1429,0.00617283950617
1430,0.000968992248062
1431,0.0207373271889
1432,0.0
1433,0.0
1434,0.129411764706
1435,0.00295508274232
1436,0.117647058824
1437,0.0
1438,0.0112956810631
1439,0.0
1440,0.0
1441,0.0066889632107
1442,0.00503355704698
1443,0.0
1444,0.0
1445,0.0
1446,0.00516795865633
1447,0.00968992248062
1448,0.0
1449,0.00435413642961
1450,0.0512820512821
1451,0.285714285714
1452,0.113333333333
1453,0.0234375
1454,0.011396011396
1455,0.172727272727
1456,0.0028901734104
1457,0.0
1458,0.0
1459,0.0
1460,0.00146198830409
1461,0.0
1462,0.0
1463,0.00851581508516
1464,0.00350385423966
1465,0.0
1466,0.0118577075099
1467,0.0114285714286
1468,0.0
1469,0.0
1470,0.0205761316872
1471,0.0
1472,0.0
1473,1.68302001111e-05
1474,0.00102669404517
1475,0.0
1476,0.0
1477,0.0
1478,0.00396825396825
1479,0.0
1480,0.0
1481,0.0126050420168
1482,0.0792452830189
1483,0.0
1484,0.0
1485,0.0446428571429
1486,0.000738825267824
1487,0.0239700374532
1488,0.0
1489,0.00833333333333
1490,3.44328902968e-05
1491,0.0
1492,0.0277777777778
1493,0.00109829763866
1494,0.0
1495,0.0
1496,0.0
1497,0.00135475130637
1498,0.015606242497
1499,0.0107894263622
1500,0.0179257362356
1501,0.0
1502,0.000757575757576
1503,0.0
1504,0.0
1505,0.00565388397247
1506,0.0
1507,0.000554323725055
1508,0.00934579439252
1509,0.00750541627979
1510,0.0319361277445
1511,0.0
1512,0.0
1513,0.0
1514,0.0
1515,0.0176730486009
1516,0.013698630137
1517,0.0
1518,0.0
1519,0.0128205128205
1520,0.0
1521,0.0
1522,0.0
1523,0.0
1524,0.0
1525,0.00306278713629
1526,0.0
1527,0.0115340253749
1528,0.0104123281966
1529,0.0
1530,0.00110101844206
1531,0.00374531835206
1532,0.0
1533,0.0
1534,0.000350385423966
1535,0.0
1536,0.0
1537,0.000615384615385
1538,0.00740740740741
1539,0.0
1540,0.0
1541,0.0014450867052
1542,0.0154738878143
1543,0.0
1544,0.000235460324935
1545,0.0
1546,0.101449275362
1547,0.0
1548,0.000800533689126
1549,0.0235917188252
1550,0.00201207243461
1551,0.0
1552,0.0
1553,0.00437636761488
1554,0.0112994350282
1555,0.0
1556,0.0352250489237
1557,0.0
1558,0.00943396226415
1559,0.0
1560,0.0
1561,0.002079002079
1562,0.0
1563,0.010152284264
1564,0.0
1565,0.0538461538462
1566,0.0
1567,0.000720461095101
1568,0.0149253731343
1569,0.0
1570,0.00881920627144
1571,0.102102102102
1572,0.0
1573,0.0
1574,0.0
1575,0.0919540229885
1576,0.0103092783505
1577,0.0
1578,0.00840336134454
1579,0.0
1580,0.0
1581,0.00103150787697
1582,0.0100214745884
1583,0.00159489633174
1584,0.0148637489678
1585,0.0
1586,0.0266666666667
1587,0.0
1588,0.0188679245283
1589,0.0
1590,0.0
1591,0.230769230769
1592,0.0
1593,0.0
1594,0.000640204865557
1595,0.0
1596,0.00398406374502
1597,0.0
1598,0.0
1599,0.0
1600,0.0
1601,0.00253807106599
1602,0.0
1603,0.0
1604,0.0
1605,0.0
1606,0.0
1607,0.0241935483871
1608,0.000605326876513
1609,0.0
1610,0.000660501981506
1611,0.00022143489814
1612,0.0132681564246
1613,0.00532859680284
1614,0.0384061449832
1615,0.0
1616,0.0016583747927
1617,0.0
1618,0.0
1619,0.00301204819277
1620,0.0
1621,0.00266666666667
1622,0.0
1623,0.0056338028169
1624,0.0
1625,0.0
1626,0.0241179097812
1627,0.0
1628,0.012987012987
1629,0.0
1630,0.0
1631,0.0
1632,0.0178970917226
1633,0.0
1634,0.0
1635,0.00590979782271
1636,0.0
1637,0.0
1638,0.00327868852459
1639,0.00732984293194
1640,0.0
1641,5.21217459742e-06
1642,0.0
1643,0.138888888889
1644,0.00111482720178
1645,0.0
1646,0.0
1647,0.0461538461538
1648,0.010631644778
1649,0.0
1650,0.0
1651,0.0
1652,0.0
1653,0.00354609929078
1654,0.0
1655,0.0
1656,0.0
1657,0.0
1658,0.0
1659,0.0344827586207
1660,0.0
1661,0.00295857988166
1662,0.0
1663,0.0350877192982
1664,0.0
1665,0.00649350649351
1666,0.0
1667,0.00105374077977
1668,0.00826086956522
1669,0.0
1670,0.00420168067227
1671,0.00515463917526
1672,0.0134408602151
1673,0.0233644859813
1674,0.0
1675,0.0133333333333
1676,0.0
1677,0.0
1678,0.0390070921986
1679,0.0
1680,0.00677966101695
1681,0.0038240917782
1682,0.00551470588235
1683,0.0
1684,0.0
1685,0.0
1686,0.0
1687,0.00536672629696
1688,0.00763358778626
1689,0.0
1690,0.00285714285714
1691,0.0
1692,0.0458839406208
1693,0.0
1694,0.0242914979757
1695,0.0
1696,0.00250941028858
1697,6.76223965377e-05
1698,0.00202224469161
1699,0.0
1700,0.0
1701,0.0573566084788
1702,0.0104947526237
1703,0.0
1704,0.00816326530612
1705,0.00353356890459
1706,0.0
1707,0.0
1708,0.0
1709,0.0
1710,0.0
1711,0.0185810810811
1712,0.0
1713,0.00223214285714
1714,0.0683760683761
1715,0.0
1716,0.0
1717,0.0507726269316
1718,0.0
1719,0.00384826827927
1720,0.00428571428571
1721,0.0
1722,0.062962962963
1723,0.00881057268722
1724,0.00862068965517
1725,0.0
1726,0.0
1727,0.0
1728,0.0
1729,0.0
1730,0.00297176820208
1731,7.11895778458e-05
1732,0.0
1733,0.0
1734,0.0
1735,0.00310559006211
1736,0.0
1737,0.00691562932227
1738,0.0
1739,0.0161725067385
1740,0.000740740740741
1741,0.00925925925926
1742,0.00917431192661
1743,0.00363636363636
1744,0.0
1745,0.0
1746,0.0
1747,0.040404040404
1748,0.0123639960435
1749,0.0041782729805
1750,0.0
1751,0.037542662116
1752,0.0
1753,0.0
1754,0.0
1755,0.0
1756,0.0
1757,0.00980392156863
1758,0.0108695652174
1759,0.0
1760,0.0
1761,0.00770712909441
1762,0.0
1763,0.00425531914894
1764,0.0
1765,0.0
1766,0.0161290322581
1767,0.00406504065041
1768,0.0
1769,0.0113977204559
1770,0.00595632031767
1771,0.00442477876106
1772,0.0096463022508
1773,0.0
1774,0.0
1775,0.00119331742243
1776,0.0026541445488
1777,0.00425531914894
1778,0.0132596685083
1779,0.0
1780,0.0
1781,0.0305466237942
1782,0.00534568781183
1783,0.0
1784,0.000609570252972
1785,0.030303030303
1786,0.00104311543811
1787,0.0
1788,0.0
1789,0.0
1790,0.0
1791,0.00292397660819
1792,0.0922844175492
1793,0.0108604845447
1794,0.000568504832291
1795,0.0
1796,0.0093023255814
1797,0.00365344467641
1798,0.0
1799,0.000744601638124
1800,0.225806451613
1801,0.0
1802,0.0173913043478
1803,0.0298507462687
1804,0.0126903553299
1805,0.0013633265167
1806,0.0
1807,0.00445434298441
1808,0.0
1809,0.0
1810,0.0
1811,0.0
1812,0.0
1813,0.0
1814,0.0208333333333
1815,0.0015392508979
1816,0.0616883116883
1817,0.000325839035516
1818,0.0
1819,0.0
1820,0.0
1821,0.0
1822,0.00819672131148
1823,0.0
1824,0.000386847195358
1825,0.015600624025
1826,0.0
1827,0.0
1828,0.0
1829,0.011320754717
1830,0.00769230769231
1831,0.0
1832,0.00641025641026
1833,0.0
1834,0.0
1835,0.00387596899225
1836,0.0
1837,0.000218292949138
1838,0.0137931034483
1839,0.0
1840,0.032
1841,0.0
1842,0.0124223602484
1843,0.0121951219512
1844,0.00549450549451
1845,0.0084388185654
1846,0.00623052959502
1847,0.0
1848,0.00213219616205
1849,0.000529661016949
1850,0.00429184549356
1851,0.00426829268293
1852,0.0
1853,0.0727272727273
1854,0.00525889967638
1855,0.00671140939597
1856,0.000261711593824
1857,0.0
1858,0.00172251800814
1859,0.0
1860,0.0
1861,0.0
1862,0.00197628458498
1863,0.0
1864,0.000868306801737
1865,0.0579710144928
1866,0.00209518108351
1867,0.0185185185185
1868,0.00383141762452
1869,0.0
1870,0.0
1871,0.0521739130435
1872,0.00373134328358
1873,0.0
1874,0.0
1875,0.0
1876,0.0272108843537
1877,0.00266127315308
1878,0.0
1879,0.0
1880,0.0115546218487
1881,0.014245014245
1882,0.0260707635009
1883,0.00873362445415
1884,0.0
1885,0.0
1886,0.0111111111111
1887,0.015625
1888,0.0
1889,0.0020366598778
1890,0.0147058823529
1891,0.00425531914894
1892,0.0410256410256
1893,0.00884955752212
1894,0.0103359173127
1895,0.0030518819939
1896,0.0
1897,0.0
1898,0.0141458106638
1899,0.00875273522976
1900,0.0101311084625
1901,0.0
1902,0.00907715582451
1903,0.000962463907603
1904,0.0
1905,0.0
1906,0.0
1907,0.0
1908,0.0306513409962
1909,0.00361010830325
1910,0.00245098039216
1911,0.00704225352113
1912,0.0
1913,0.0166666666667
1914,0.0010764262648
1915,0.0
1916,0.00655737704918
1917,0.00210526315789
1918,0.014598540146
1919,0.00475059382423
1920,0.00328947368421
1921,0.0
1922,0.0
1923,0.0463096960926
1924,0.0062893081761
1925,0.0
1926,0.0740740740741
1927,0.015503875969
1928,0.0
1929,0.0
1930,0.00448430493274
1931,0.0666666666667
1932,0.00772200772201
1933,0.000434499239626
1934,0.021897810219
1935,0.0955056179775
1936,0.0
1937,0.0
1938,0.0
1939,0.0
1940,0.0717299578059
1941,0.0
1942,0.0
1943,0.00885935769657
1944,0.013916500994
1945,0.00395256916996
1946,0.015625
1947,0.00431965442765
1948,0.0915492957746
1949,0.0674157303371
1950,0.0
1951,0.00474833808167
1952,0.00632911392405
1953,0.0360576923077
1954,0.0
1955,0.0
1956,0.00681198910082
1957,0.0
1958,0.0
1959,0.00864553314121
1960,0.0020325203252
1961,0.0
1962,0.00175746924429
1963,0.0267857142857
1964,0.0
1965,0.004329004329
1966,0.0
1967,0.0
1968,0.108262108262
1969,0.0405257393209
1970,0.0
1971,0.00601503759398
1972,0.0
1973,0.0
1974,0.0
1975,0.0
1976,0.00359712230216
1977,0.046511627907
1978,0.0
1979,0.0615901455767
1980,0.0059880239521
1981,0.00806451612903
1982,0.0
1983,0.0
1984,0.0
1985,0.00449775112444
1986,0.0
1987,0.00194931773879
1988,0.0268456375839
1989,0.0
1990,0.0
1991,0.015761821366
1992,0.00135253939271
1993,0.0192307692308
1994,0.0
1995,0.0
1996,0.00236406619385
1997,0.0197368421053
1998,0.000575043128235
1999,0.0382513661202
2000,0.0201834862385
